canto_coding_id,place,region,longitude,latitude
756,C Indian Folk,South India,,
758,Andhra Pradesh,South India,,
759,Madras,South India,,
760,Madras,South India,,
844,Gond,South India,,
845,Toda,South India,,
846,Gond,South India,,
847,Gond,South India,,
848,Gond,South India,,
849,Gond,South India,,
850,Gond,South India,,
851,Gond,South India,,
852,Gond,South India,,
972,Tamil People,South India,,
973,Tamil People,South India,,
974,Madras,South India,,
1843,Kerala,South India,,
1844,Kerala,South India,,
1845,Kerala,South India,,
1846,Kerala,South India,,
1847,Kerala,South India,,
1848,Kerala,South India,,
1849,Kerala,South India,,
1850,Kerala,South India,,
1851,Kerala,South India,,
1852,Kerala,South India,,
3772,Dhurwa Gond,South India,,
3773,Dhurwa Gond,South India,,
3774,Dhurwa Gond,South India,,
3775,Dhurwa Gond,South India,,
3776,Dhurwa Gond,South India,,
3777,Dhurwa Gond,South India,,
3778,Dhurwa Gond,South India,,
3779,Dhurwa Gond,South India,,
3780,Dhurwa Gond,South India,,
3781,Dhurwa Gond,South India,,
3782,Dhurwa Gond,South India,,
3783,Dhurwa Gond,South India,,
3790,Gadaba,South India,,
3791,Gadaba,South India,,
3792,Gadaba,South India,,
3793,Gadaba,South India,,
3794,Gadaba,South India,,
3795,Gadaba,South India,,
3796,Gadaba,South India,,
3814,Koya,South India,,
3815,Koya,South India,,
3816,Koya,South India,,
3817,Koya,South India,,
3844,Kolam,South India,,
3845,Kolam,South India,,
3846,Kolam,South India,,
3853,Gond,South India,,
3854,Gond,South India,,