"","society","subsistence"
"1","Aa1",1
"2","Aa2",2
"3","Aa4",1
"4","Aa5",2
"5","Aa6",4
"6","Aa7",1
"7","Aa8",1
"8","Aa9",1
"9","Ab1",5
"10","Ab10",4
"11","Ab11",4
"12","Ab12",4
"13","Ab13",4
"14","Ab14",4
"15","Ab15",4
"16","Ab18",4
"17","Ab19",4
"18","Ab2",4
"19","Ab4",4
"20","Ab5",4
"21","Ab6",4
"22","Ab8",4
"23","Ab9",4
"24","Ac1",4
"25","Ac10",4
"26","Ac28",2
"27","Ac30",4
"28","Ac32",3
"29","Ac43",4
"30","Ac5",3
"31","Ac7",3
"32","Ac9",4
"33","Ad10",4
"34","Ad12",4
"35","Ad13",4
"36","Ad16",4
"37","Ad17",4
"38","Ad19",4
"39","Ad2",4
"40","Ad20",4
"41","Ad22",4
"42","Ad24",4
"43","Ad25",4
"44","Ad26",4
"45","Ad28",4
"46","Ad29",4
"47","Ad32",4
"48","Ad34",4
"49","Ad35",4
"50","Ad36",4
"51","Ad37",4
"52","Ad38",4
"53","Ad4",4
"54","Ad40",4
"55","Ad41",4
"56","Ad42",4
"57","Ad45",4
"58","Ad46",4
"59","Ad47",4
"60","Ad48",4
"61","Ad49",4
"62","Ad50",4
"63","Ad6",4
"64","Ad7",4
"65","Ad8",4
"66","Ad9",4
"67","Ae10",4
"68","Ae11",2
"69","Ae14",4
"70","Ae15",4
"71","Ae2",4
"72","Ae29",2
"73","Ae31",3
"74","Ae36",3
"75","Ae38",3
"76","Ae39",3
"77","Ae45",4
"78","Ae46",3
"79","Ae5",3
"80","Ae7",4
"81","Ae8",4
"82","Af10",4
"83","Af11",4
"84","Af13",4
"85","Af14",4
"86","Af15",4
"87","Af17",4
"88","Af18",4
"89","Af19",4
"90","Af2",4
"91","Af20",4
"92","Af21",4
"93","Af22",2
"94","Af23",4
"95","Af26",4
"96","Af28",4
"97","Af30",4
"98","Af33",4
"99","Af4",4
"100","Af40",4
"101","Af41",4
"102","Af44",2
"103","Af46",4
"104","Af47",4
"105","Af48",4
"106","Af49",4
"107","Af52",4
"108","Af54",4
"109","Af56",4
"110","Af57",4
"111","Af58",4
"112","Ag1",4
"113","Ag10",4
"114","Ag11",4
"115","Ag12",4
"116","Ag13",4
"117","Ag14",4
"118","Ag15",4
"119","Ag16",3
"120","Ag17",3
"121","Ag18",4
"122","Ag2",4
"123","Ag20",4
"124","Ag21",4
"125","Ag22",4
"126","Ag23",4
"127","Ag24",4
"128","Ag25",4
"129","Ag26",4
"130","Ag28",4
"131","Ag29",4
"132","Ag3",4
"133","Ag33",4
"134","Ag34",4
"135","Ag36",4
"136","Ag37",4
"137","Ag38",4
"138","Ag39",4
"139","Ag4",4
"140","Ag40",4
"141","Ag41",4
"142","Ag42",4
"143","Ag45",4
"144","Ag46",4
"145","Ag47",4
"146","Ag48",4
"147","Ag49",4
"148","Ag5",4
"149","Ag50",4
"150","Ag51",4
"151","Ag52",4
"152","Ag53",4
"153","Ag54",4
"154","Ag6",4
"155","Ag7",2
"156","Ag8",4
"157","Ag9",4
"158","Ah1",4
"159","Ah14",4
"160","Ah15",4
"161","Ah16",4
"162","Ah18",4
"163","Ah19",4
"164","Ah20",4
"165","Ah30",4
"166","Ah31",4
"167","Ah32",4
"168","Ah33",4
"169","Ah34",4
"170","Ah35",4
"171","Ah36",4
"172","Ah37",4
"173","Ah38",4
"174","Ah39",4
"175","Ah4",4
"176","Ah5",4
"177","Ah7",4
"178","Ai10",4
"179","Ai15",4
"180","Ai16",4
"181","Ai19",4
"182","Ai20",4
"183","Ai21",4
"184","Ai22",4
"185","Ai29",4
"186","Ai3",3
"187","Ai32",4
"188","Ai34",4
"189","Ai36",4
"190","Ai37",4
"191","Ai38",4
"192","Ai39",4
"193","Ai4",4
"194","Ai40",4
"195","Ai41",4
"196","Ai42",4
"197","Ai43",4
"198","Ai44",4
"199","Ai45",4
"200","Ai47",4
"201","Ai6",4
"202","Ai8",4
"203","Aj1",4
"204","Aj13",4
"205","Aj14",4
"206","Aj15",4
"207","Aj16",4
"208","Aj17",4
"209","Aj2",5
"210","Aj20",4
"211","Aj21",4
"212","Aj22",4
"213","Aj23",5
"214","Aj26",4
"215","Aj28",5
"216","Aj29",5
"217","Aj4",4
"218","Aj6",4
"219","Aj7",4
"220","Aj8",4
"221","Ca1",4
"222","Ca10",5
"223","Ca12",7
"224","Ca13",7
"225","Ca14",4
"226","Ca15",4
"227","Ca16",4
"228","Ca18",4
"229","Ca2",5
"230","Ca22",4
"231","Ca23",4
"232","Ca24",4
"233","Ca25",4
"234","Ca26",4
"235","Ca27",4
"236","Ca28",4
"237","Ca29",7
"238","Ca3",7
"239","Ca30",7
"240","Ca31",7
"241","Ca32",4
"242","Ca33",4
"243","Ca34",5
"244","Ca35",5
"245","Ca36",5
"246","Ca37",5
"247","Ca38",5
"248","Ca39",7
"249","Ca4",4
"250","Ca40",4
"251","Ca41",4
"252","Ca42",4
"253","Ca43",5
"254","Ca5",5
"255","Ca6",5
"256","Ca7",7
"257","Ca9",4
"258","Cb10",4
"259","Cb11",5
"260","Cb12",5
"261","Cb14",4
"262","Cb15",5
"263","Cb16",5
"264","Cb17",4
"265","Cb18",4
"266","Cb19",4
"267","Cb2",4
"268","Cb20",4
"269","Cb21",5
"270","Cb22",4
"271","Cb23",4
"272","Cb24",5
"273","Cb25",4
"274","Cb27",4
"275","Cb28",4
"276","Cb3",4
"277","Cb4",4
"278","Cb6",4
"279","Cb7",4
"280","Cb8",5
"281","Cb9",4
"282","Cc1",5
"283","Cc13",4
"284","Cc16",5
"285","Cc18",5
"286","Cc19",5
"287","Cc20",5
"288","Cc5",5
"289","Cc6",5
"290","Cc7",5
"291","Cc8",5
"292","Cd12",8
"293","Cd13",5
"294","Cd14",5
"295","Cd15",8
"296","Cd16",8
"297","Cd17",5
"298","Cd18",5
"299","Cd19",4
"300","Cd2",8
"301","Cd21",7
"302","Cd3",7
"303","Cd4",7
"304","Cd5",8
"305","Cd6",8
"306","Cd7",7
"307","Cd8",8
"308","Cd9",8
"309","Ce1",7
"310","Ce3",7
"311","Ce4",7
"312","Ce5",7
"313","Ce6",7
"314","Ce7",7
"315","Ce8",7
"316","Cf1",7
"317","Cf2",5
"318","Cf4",7
"319","Cf5",7
"320","Cg1",7
"321","Cg3",7
"322","Cg4",5
"323","Cg5",7
"324","Ch1",7
"325","Ch11",8
"326","Ch3",7
"327","Ch4",7
"328","Ch5",7
"329","Ch6",7
"330","Ch7",7
"331","Ch8",7
"332","Ch9",7
"333","Ci1",5
"334","Ci10",7
"335","Ci11",8
"336","Ci12",5
"337","Ci2",7
"338","Ci3",7
"339","Ci4",7
"340","Ci5",7
"341","Ci7",7
"342","Ci8",8
"343","Cj1",8
"344","Cj2",5
"345","Cj4",8
"346","Cj5",5
"347","Cj6",7
"348","Cj7",7
"349","Cj8",7
"350","Cj9",8
"351","Ea1",8
"352","Ea11",8
"353","Ea12",5
"354","Ea13",7
"355","Ea2",8
"356","Ea3",8
"357","Ea5",8
"358","Ea6",5
"359","Ea7",8
"360","Ea8",5
"361","Ea9",8
"362","Eb1",5
"363","Eb2",7
"364","Eb3",5
"365","Eb5",8
"366","Eb6",5
"367","Eb7",5
"368","Ec1",2
"369","Ec10",2
"370","Ec5",2
"371","Ec6",2
"372","Ec7",2
"373","Ec8",2
"374","Ec9",2
"375","Ed1",8
"376","Ed10",7
"377","Ed2",7
"378","Ed3",7
"379","Ed5",8
"380","Ed6",8
"381","Ed7",7
"382","Ed8",8
"383","Ed9",7
"384","Ee2",8
"385","Ee3",7
"386","Ee4",8
"387","Ee5",7
"388","Ee6",7
"389","Ee8",8
"390","Ef1",8
"391","Ef11",8
"392","Ef2",8
"393","Ef5",7
"394","Ef6",7
"395","Ef7",7
"396","Ef8",8
"397","Ef9",7
"398","Eg1",1
"399","Eg10",8
"400","Eg13",4
"401","Eg14",4
"402","Eg2",8
"403","Eg4",5
"404","Eg5",7
"405","Eg6",8
"406","Eg7",4
"407","Eg8",7
"408","Eg9",3
"409","Eh1",1
"410","Eh4",1
"411","Eh5",3
"412","Eh6",8
"413","Eh9",4
"414","Ei1",4
"415","Ei10",4
"416","Ei11",4
"417","Ei12",4
"418","Ei14",4
"419","Ei16",4
"420","Ei18",4
"421","Ei19",4
"422","Ei2",4
"423","Ei3",8
"424","Ei4",4
"425","Ei5",4
"426","Ei6",4
"427","Ei8",4
"428","Ei9",4
"429","Ej1",4
"430","Ej10",4
"431","Ej11",8
"432","Ej12",4
"433","Ej13",8
"434","Ej14",3
"435","Ej15",7
"436","Ej2",4
"437","Ej3",1
"438","Ej4",8
"439","Ej5",8
"440","Ej6",2
"441","Ej7",4
"442","Ej8",8
"443","Ej9",8
"444","Ia1",3
"445","Ia10",3
"446","Ia11",8
"447","Ia12",8
"448","Ia13",2
"449","Ia15",3
"450","Ia2",8
"451","Ia4",3
"452","Ia5",4
"453","Ia6",3
"454","Ia7",4
"455","Ia9",8
"456","Ib1",3
"457","Ib2",8
"458","Ib3",8
"459","Ib4",8
"460","Ib5",4
"461","Ib6",8
"462","Ib7",3
"463","Ib8",2
"464","Ic1",8
"465","Ic10",3
"466","Ic11",3
"467","Ic12",4
"468","Ic2",3
"469","Ic3",4
"470","Ic5",4
"471","Ic6",3
"472","Ic8",3
"473","Ic9",8
"474","Id1",1
"475","Id10",1
"476","Id11",1
"477","Id12",1
"478","Id13",2
"479","Id2",1
"480","Id3",1
"481","Id4",1
"482","Id5",2
"483","Id6",1
"484","Id7",1
"485","Id8",1
"486","Id9",2
"487","Ie1",3
"488","Ie10",3
"489","Ie13",3
"490","Ie14",6
"491","Ie15",3
"492","Ie17",3
"493","Ie2",3
"494","Ie20",3
"495","Ie21",6
"496","Ie22",3
"497","Ie23",3
"498","Ie24",3
"499","Ie25",3
"500","Ie26",3
"501","Ie27",3
"502","Ie28",3
"503","Ie29",6
"504","Ie3",3
"505","Ie30",1
"506","Ie31",3
"507","Ie32",6
"508","Ie33",1
"509","Ie34",1
"510","Ie35",6
"511","Ie36",1
"512","Ie38",3
"513","Ie4",3
"514","Ie5",3
"515","Ie6",2
"516","Ie7",3
"517","Ie8",1
"518","Ie9",3
"519","If1",6
"520","If11",6
"521","If12",6
"522","If15",6
"523","If16",6
"524","If2",6
"525","If3",6
"526","If4",6
"527","If5",6
"528","If6",6
"529","If8",4
"530","If9",6
"531","Ig1",3
"532","Ig10",3
"533","Ig12",3
"534","Ig14",6
"535","Ig17",2
"536","Ig2",6
"537","Ig20",6
"538","Ig21",6
"539","Ig3",3
"540","Ig5",6
"541","Ig6",6
"542","Ig9",2
"543","Ih1",6
"544","Ih10",3
"545","Ih2",6
"546","Ih3",3
"547","Ih4",6
"548","Ih6",3
"549","Ih7",6
"550","Ih8",6
"551","Ih9",6
"552","Ii1",6
"553","Ii12",6
"554","Ii13",6
"555","Ii14",6
"556","Ii3",6
"557","Ii7",6
"558","Ii8",6
"559","Ij3",6
"560","Ij8",6
"561","Ij9",3
"562","Na1",2
"563","Na10",2
"564","Na11",2
"565","Na12",2
"566","Na13",2
"567","Na14",2
"568","Na15",2
"569","Na16",2
"570","Na17",2
"571","Na19",2
"572","Na2",2
"573","Na20",2
"574","Na21",2
"575","Na22",2
"576","Na23",2
"577","Na24",2
"578","Na25",2
"579","Na26",2
"580","Na27",2
"581","Na28",2
"582","Na29",2
"583","Na3",2
"584","Na30",2
"585","Na31",2
"586","Na32",2
"587","Na33",2
"588","Na34",2
"589","Na35",2
"590","Na36",2
"591","Na37",2
"592","Na38",2
"593","Na39",2
"594","Na4",2
"595","Na40",2
"596","Na41",2
"597","Na42",2
"598","Na43",2
"599","Na44",2
"600","Na45",2
"601","Na5",2
"602","Na6",2
"603","Na7",2
"604","Na8",2
"605","Na9",2
"606","Nb1",2
"607","Nb10",2
"608","Nb11",2
"609","Nb12",2
"610","Nb13",2
"611","Nb14",2
"612","Nb15",2
"613","Nb16",2
"614","Nb17",2
"615","Nb18",2
"616","Nb19",2
"617","Nb2",2
"618","Nb20",2
"619","Nb21",2
"620","Nb22",2
"621","Nb23",2
"622","Nb24",2
"623","Nb25",2
"624","Nb26",2
"625","Nb27",2
"626","Nb28",2
"627","Nb29",2
"628","Nb3",2
"629","Nb30",1
"630","Nb31",2
"631","Nb32",1
"632","Nb33",1
"633","Nb34",1
"634","Nb35",1
"635","Nb36",1
"636","Nb37",2
"637","Nb38",2
"638","Nb39",1
"639","Nb4",1
"640","Nb5",2
"641","Nb6",1
"642","Nb7",2
"643","Nb8",2
"644","Nb9",2
"645","Nc1",1
"646","Nc10",2
"647","Nc11",1
"648","Nc12",1
"649","Nc13",1
"650","Nc14",2
"651","Nc15",1
"652","Nc16",1
"653","Nc17",1
"654","Nc18",1
"655","Nc19",1
"656","Nc2",1
"657","Nc20",1
"658","Nc21",1
"659","Nc22",1
"660","Nc23",1
"661","Nc24",1
"662","Nc25",1
"663","Nc26",1
"664","Nc27",1
"665","Nc28",1
"666","Nc29",1
"667","Nc3",1
"668","Nc30",1
"669","Nc31",1
"670","Nc32",1
"671","Nc33",1
"672","Nc34",1
"673","Nc4",1
"674","Nc5",1
"675","Nc6",1
"676","Nc7",1
"677","Nc8",2
"678","Nc9",1
"679","Nd1",2
"680","Nd10",2
"681","Nd11",2
"682","Nd12",2
"683","Nd13",2
"684","Nd14",2
"685","Nd15",2
"686","Nd16",2
"687","Nd17",2
"688","Nd18",2
"689","Nd19",2
"690","Nd2",2
"691","Nd20",2
"692","Nd21",1
"693","Nd22",1
"694","Nd23",1
"695","Nd24",1
"696","Nd25",1
"697","Nd26",1
"698","Nd27",1
"699","Nd28",1
"700","Nd29",1
"701","Nd30",1
"702","Nd31",1
"703","Nd32",1
"704","Nd33",1
"705","Nd34",1
"706","Nd35",1
"707","Nd36",1
"708","Nd37",1
"709","Nd38",1
"710","Nd39",1
"711","Nd4",2
"712","Nd40",1
"713","Nd41",1
"714","Nd42",1
"715","Nd43",1
"716","Nd44",2
"717","Nd45",2
"718","Nd46",2
"719","Nd47",2
"720","Nd48",1
"721","Nd49",1
"722","Nd5",1
"723","Nd50",1
"724","Nd51",1
"725","Nd52",1
"726","Nd53",1
"727","Nd54",1
"728","Nd55",1
"729","Nd56",1
"730","Nd57",2
"731","Nd58",2
"732","Nd59",2
"733","Nd6",1
"734","Nd60",2
"735","Nd61",2
"736","Nd62",2
"737","Nd63",2
"738","Nd64",2
"739","Nd65",1
"740","Nd66",1
"741","Nd67",1
"742","Nd7",2
"743","Nd8",2
"744","Nd9",2
"745","Ne1",2
"746","Ne10",4
"747","Ne11",2
"748","Ne12",2
"749","Ne13",2
"750","Ne14",2
"751","Ne15",4
"752","Ne16",2
"753","Ne17",2
"754","Ne18",2
"755","Ne19",2
"756","Ne2",2
"757","Ne20",2
"758","Ne21",2
"759","Ne3",2
"760","Ne4",2
"761","Ne5",2
"762","Ne6",4
"763","Ne7",2
"764","Ne8",2
"765","Ne9",2
"766","Nf10",4
"767","Nf12",2
"768","Nf13",2
"769","Nf5",4
"770","Nf6",4
"771","Nf8",3
"772","Nf9",1
"773","Ng1",3
"774","Ng11",3
"775","Ng13",2
"776","Ng4",2
"777","Ng5",3
"778","Ng7",3
"779","Nh1",1
"780","Nh13",4
"781","Nh15",1
"782","Nh16",2
"783","Nh17",2
"784","Nh23",1
"785","Nh24",1
"786","Nh5",1
"787","Nh6",4
"788","Ni1",4
"789","Ni3",4
"790","Ni4",2
"791","Ni5",1
"792","Nj3",3
"793","Nj4",4
"794","Nj7",4
"795","Nj9",4
"796","Sa1",3
"797","Sa12",3
"798","Sa3",3
"799","Sa4",3
"800","Sa5",3
"801","Sa6",3
"802","Sa8",4
"803","Sa9",1
"804","Sb2",3
"805","Sb3",1
"806","Sb4",3
"807","Sb5",2
"808","Sb6",5
"809","Sb7",3
"810","Sb9",4
"811","Sc1",1
"812","Sc10",3
"813","Sc11",3
"814","Sc12",3
"815","Sc13",3
"816","Sc17",3
"817","Sc18",3
"818","Sc6",3
"819","Sc8",2
"820","Sc9",3
"821","Sd2",3
"822","Sd3",3
"823","Sd4",2
"824","Sd5",3
"825","Sd6",2
"826","Sd7",3
"827","Sd8",2
"828","Sd9",3
"829","Se1",2
"830","Se3",3
"831","Se5",3
"832","Se8",3
"833","Se9",2
"834","Sf2",4
"835","Sf3",3
"836","Sf4",3
"837","Sf5",4
"838","Sf7",3
"839","Sf9",2
"840","Sg1",2
"841","Sg2",4
"842","Sg3",2
"843","Sg4",2
"844","Sg5",2
"845","Sh1",2
"846","Sh3",2
"847","Sh4",2
"848","Sh5",1
"849","Sh6",1
"850","Sh7",3
"851","Sh9",2
"852","Si1",2
"853","Si10",3
"854","Si3",3
"855","Si4",1
"856","Si6",1
"857","Si7",3
"858","Si8",3
"859","Sj1",2
"860","Sj10",3
"861","Sj11",1
"862","Sj3",2
"863","Sj5",1
"864","Sj7",3
"865","Sj9",3
"866","ch12",4
"867","ch14",7
"868","ch15",7
"869","ch16",7
"870","ch17",4
"871","ch18",7
"872","ch21",7
"873","ch22",4
"874","ch23",4
"875","ch24",2
"876","ch25",7
"877","ch26",7
"878","ch27",7
"879","ch28",7
"880","ec12",2
"881","ec13",2
"882","ec14",2
"883","ec15",2
"884","ec16",2
"885","ec17",2
"886","ec18",2
"887","ec19",2
"888","ec20",2
"889","ec21",2
